{"count":1,"self":3400.0982016,"total":8116.2730176,"children":{"InitializeActuators":{"count":49201,"self":0.26442309999999997,"total":0.26442309999999997,"children":null},"InitializeSensors":{"count":49201,"self":0.3357416,"total":0.3357416,"children":null},"AgentSendState":{"count":932134,"self":239.04655359999998,"total":371.7660638,"children":{"CollectObservations":{"count":12469538,"self":57.7508096,"total":57.7508099,"children":null},"WriteActionMask":{"count":12469538,"self":2.186752,"total":2.1867519,"children":null},"RequestDecision":{"count":12469538,"self":8.5593536,"total":72.781950299999991,"children":{"AgentInfo.ToProto":{"count":12469538,"self":5.9197847999999995,"total":64.2225969,"children":{"GenerateSensorData":{"count":12469538,"self":45.3946112,"total":58.302811999999996,"children":{"RayPerceptionSensor.Perceive":{"count":12469538,"self":12.9082016,"total":12.908201199999999,"children":null}}}}}}}}},"DecideAction":{"count":932134,"self":3010.528256,"total":3010.5281809,"children":null},"AgentAct":{"count":932134,"self":1332.4913663999998,"total":1332.4914112,"children":null},"AgentInfo.ToProto":{"count":71765,"self":0.141083,"total":0.78898289999999993,"children":{"GenerateSensorData":{"count":71765,"self":0.54840349999999993,"total":0.6478999,"children":{"RayPerceptionSensor.Perceive":{"count":71765,"self":0.0994964,"total":0.0994964,"children":null}}}}}},"gauges":{"MazeBattle.CumulativeReward":{"count":22631,"max":7.29550838,"min":-39.9996033,"runningAverage":1.452782,"value":3.91180587,"weightedAverage":2.58959961}},"metadata":{"timer_format_version":"0.1.0","start_time_seconds":"1784796654","unity_version":"6000.3.17f1","command_line_arguments":"C:\\Program Files\\Unity\\Hub\\Editor\\6000.3.17f1-x86_64\\Editor\\Unity.exe -projectpath D:\\Unity\\ZombieWar -acceptSoftwareTermsForThisRunOnly -useHub -hubIPC -cloudEnvironment production","communication_protocol_version":"1.5.0","com.unity.ml-agents_version":"4.0.3","scene_name":"SampleScene","end_time_seconds":"1784804770"}}